<?xml version="1.0" encoding="UTF-8"?><preferences VERSION="10">
    <general_object_display>
        <AIE_ARRAY_BROADCAST_NET draw_fill="false" draw_line="true" fill_color="19b400" line_color="19b400" show="true"/>
        <AIE_ARRAY_BUFFER draw_fill="true" draw_line="true" fill_color="ffefff" line_color="aa00ff" show="true"/>
        <AIE_ARRAY_CASCADE_NET draw_fill="false" draw_line="true" fill_color="19b400" line_color="19b400" show="true"/>
        <AIE_ARRAY_CORE draw_fill="false" draw_line="true" fill_color="bbbbbb" line_color="bbbbbb" show="true"/>
        <AIE_ARRAY_CTRL draw_fill="false" draw_line="true" fill_color="bbbbbb" line_color="bbbbbb" show="true"/>
        <AIE_ARRAY_CTRL_INSTANCE draw_fill="true" draw_line="true" fill_color="ffffdd" line_color="9797dd" show="true"/>
        <AIE_ARRAY_DMA draw_fill="true" draw_line="true" fill_color="bbbbbb" line_color="bbbbbb" show="true"/>
        <AIE_ARRAY_DMA_INSTANCE draw_fill="true" draw_line="true" fill_color="ddffff" line_color="ddaa00" show="true"/>
        <AIE_ARRAY_FIFO draw_fill="false" draw_line="true" fill_color="bbbbbb" line_color="bbbbbb" show="true"/>
        <AIE_ARRAY_FIFO_BUFFER draw_fill="true" draw_line="true" fill_color="ccffcc" line_color="22bb22" show="true"/>
        <AIE_ARRAY_FUNCTION draw_fill="true" draw_line="true" fill_color="dfebf8" line_color="5a7591" show="true"/>
        <AIE_ARRAY_LOCK draw_fill="false" draw_line="true" fill_color="bbbbbb" line_color="bbbbbb" show="true"/>
        <AIE_ARRAY_LUT_BUFFER draw_fill="true" draw_line="true" fill_color="ffefff" line_color="aa00ff" show="true"/>
        <AIE_ARRAY_MEMORY draw_fill="false" draw_line="true" fill_color="bbbbbb" line_color="bbbbbb" show="true"/>
        <AIE_ARRAY_NET draw_fill="false" draw_line="true" fill_color="19b400" line_color="19b400" show="true"/>
        <AIE_ARRAY_PACKET_NET draw_fill="false" draw_line="true" fill_color="19b400" line_color="19b400" show="true"/>
        <AIE_ARRAY_PKT_INSTANCE draw_fill="true" draw_line="true" fill_color="ffccff" line_color="aa00aa" show="true"/>
        <AIE_ARRAY_PL draw_fill="false" draw_line="true" fill_color="bbbbbb" line_color="bbbbbb" show="true"/>
        <AIE_ARRAY_PL_FUNCTION draw_fill="true" draw_line="true" fill_color="ffffee" line_color="5588aa" show="true"/>
        <AIE_ARRAY_PL_IO draw_fill="true" draw_line="true" fill_color="ffcdef" line_color="993399" show="true"/>
        <AIE_ARRAY_RESERVED_BUFFER draw_fill="true" draw_line="true" fill_color="ffefef" line_color="ff0000" show="true"/>
        <AIE_ARRAY_RTP_BUFFER draw_fill="true" draw_line="true" fill_color="ffefff" line_color="aa00ff" show="true"/>
        <AIE_ARRAY_STREAM_SWITCH draw_fill="false" draw_line="true" fill_color="bbbbbb" line_color="bbbbbb" show="true"/>
        <AIE_ARRAY_USED_CORE draw_fill="false" draw_line="true" fill_color="bbbbbb" line_color="bbbbbb" show="true"/>
        <AIE_ARRAY_USED_CTRL draw_fill="false" draw_line="true" fill_color="bbbbbb" line_color="9797dd" show="true"/>
        <AIE_ARRAY_USED_DMA draw_fill="true" draw_line="true" fill_color="bbbbbb" line_color="ddaa00" show="true"/>
        <AIE_ARRAY_USED_FIFO draw_fill="true" draw_line="true" fill_color="ffff99" line_color="557799" show="true"/>
        <AIE_ARRAY_USED_LOCK draw_fill="false" draw_line="true" fill_color="bbbbbb" line_color="bbbbbb" show="true"/>
        <AIE_ARRAY_USED_MEMORY draw_fill="false" draw_line="true" fill_color="bbbbbb" line_color="bbbbbb" show="true"/>
        <AIE_ARRAY_USED_PL draw_fill="false" draw_line="true" fill_color="bbbbbb" line_color="ff" show="true"/>
        <AIE_ARRAY_USED_STREAM_SWITCH draw_fill="false" draw_line="true" fill_color="bbbbbb" line_color="aa00aa" show="true"/>
        <AIE_ARRAY_WINDOW_NET draw_fill="false" draw_line="true" fill_color="19b400" line_color="19b400" show="true"/>
        <ASSIGNED_INSTANCE draw_fill="false" draw_line="true" fill_color="ffffff" line_color="595201" show="true"/>
        <BEL draw_fill="false" draw_line="true" fill_color="0" line_color="666666" show="true"/>
        <BEL_PIN draw_fill="false" draw_line="true" fill_color="0" line_color="666666" show="true"/>
        <BUNDLE_NET draw_fill="false" draw_line="false" fill_color="ffffff" line_color="ffffff" show="true"/>
        <CLOCK_CAPABLE_PIN draw_fill="true" draw_line="true" fill_color="99ccff" line_color="ff0000" show="true"/>
        <CLOCK_DISTRIBUTION draw_fill="true" draw_line="true" fill_color="e6e6e6" line_color="323264" show="true"/>
        <CLOCK_REGION draw_fill="false" draw_line="true" fill_color="ffafaf" line_color="99ccff" show="true"/>
        <CONFIG_PIN draw_fill="true" draw_line="true" fill_color="ffc800" line_color="0" show="true"/>
        <CONFLICT_NET draw_fill="false" draw_line="true" fill_color="990066" line_color="990066" show="true"/>
        <DCM draw_fill="false" draw_line="true" fill_color="ffffff" line_color="ffafaf" show="true"/>
        <FIXED_INSTANCE draw_fill="true" draw_line="true" fill_color="ffc800" line_color="ffc800" show="true"/>
        <FIXED_NOC_COMPONENT draw_fill="true" draw_line="true" fill_color="ff6600" line_color="ff6600" show="true"/>
        <FIXED_PORT draw_fill="true" draw_line="true" fill_color="ffc800" line_color="ffc800" show="true"/>
        <FULLY_ROUTED_NET draw_fill="false" draw_line="true" fill_color="ffffff" line_color="7800" show="true"/>
        <GIGABIT_TRANSCEIVER draw_fill="false" draw_line="true" fill_color="ffffff" line_color="ff00" show="true"/>
        <GLOBAL_CLOCK_PIN draw_fill="true" draw_line="true" fill_color="c0c0c0" line_color="ff0000" show="true"/>
        <GND_PIN draw_fill="true" draw_line="true" fill_color="287802" line_color="c0c0c0" show="true"/>
        <GT_CLOCK draw_fill="false" draw_line="true" fill_color="ffffff" line_color="9999ff" show="true"/>
        <GT_PIN draw_fill="true" draw_line="true" fill_color="660000" line_color="ff3333" show="true"/>
        <INPUT_PIN draw_fill="true" draw_line="true" fill_color="ffffff" line_color="0" show="true"/>
        <IO_BANK_0 draw_fill="true" draw_line="true" fill_color="cc00cc" line_color="cc00cc" show="true"/>
        <IO_BANK_1 draw_fill="true" draw_line="true" fill_color="cc33" line_color="cc33" show="true"/>
        <IO_BANK_10 draw_fill="true" draw_line="true" fill_color="ffcc99" line_color="ffcc99" show="true"/>
        <IO_BANK_2 draw_fill="true" draw_line="true" fill_color="cccc" line_color="cccc" show="true"/>
        <IO_BANK_3 draw_fill="true" draw_line="true" fill_color="ff9999" line_color="ff9999" show="true"/>
        <IO_BANK_4 draw_fill="true" draw_line="true" fill_color="ffcc00" line_color="ffcc00" show="true"/>
        <IO_BANK_5 draw_fill="true" draw_line="true" fill_color="ff6666" line_color="ff6666" show="true"/>
        <IO_BANK_6 draw_fill="true" draw_line="true" fill_color="6666ff" line_color="6666ff" show="true"/>
        <IO_BANK_7 draw_fill="true" draw_line="true" fill_color="99ff99" line_color="99ff99" show="true"/>
        <IO_BANK_8 draw_fill="true" draw_line="true" fill_color="9933" line_color="9933" show="true"/>
        <IO_BANK_9 draw_fill="true" draw_line="true" fill_color="ffff00" line_color="ffff00" show="true"/>
        <IO_NET draw_fill="false" draw_line="true" fill_color="ffffff" line_color="6600" show="false"/>
        <IO_PIN draw_fill="true" draw_line="true" fill_color="ffffff" line_color="0" show="true"/>
        <JTAG_PIN draw_fill="true" draw_line="true" fill_color="ffc800" line_color="0" show="true"/>
        <OCCUPIED_NOC_CHANNEL2 draw_fill="false" draw_line="true" fill_color="23d70c" line_color="23d70c" show="true"/>
        <OCCUPIED_NOC_SWITCH2 draw_fill="true" draw_line="true" fill_color="23d70c" line_color="23d70c" show="true"/>
        <PARTIALLY_ROUTED_NET draw_fill="true" draw_line="true" fill_color="ffff00" line_color="ffff00" show="true"/>
        <PARTITION_PIN draw_fill="true" draw_line="true" fill_color="333333" line_color="333333" show="true"/>
        <PATH draw_fill="true" draw_line="true" fill_color="ffc800" line_color="ffc800" show="true"/>
        <PHYSICAL_INSTANCE draw_fill="true" draw_line="true" fill_color="cde16d" line_color="cde16d" show="true"/>
        <PHY_BLOCK_1 draw_fill="false" draw_line="true" fill_color="333333" line_color="0" show="true"/>
        <PHY_BLOCK_2 draw_fill="true" draw_line="true" fill_color="ffafaf" line_color="666666" show="true"/>
        <PHY_BLOCK_3 draw_fill="true" draw_line="true" fill_color="ffff" line_color="999999" show="true"/>
        <PLACED_INSTANCE draw_fill="true" draw_line="true" fill_color="333333" line_color="333333" show="true"/>
        <PLACED_ME_DATA_BUFFER draw_fill="true" draw_line="true" fill_color="ffff" line_color="ffff" show="true"/>
        <PLACED_ME_RESERVED_BUFFER draw_fill="true" draw_line="true" fill_color="ff6600" line_color="ff6600" show="true"/>
        <PLACED_NOC_COMPONENT draw_fill="true" draw_line="true" fill_color="23d70c" line_color="23d70c" show="true"/>
        <PLACED_NOC_PORT2 draw_fill="true" draw_line="true" fill_color="23d70c" line_color="23d70c" show="true"/>
        <PLACED_PORT draw_fill="true" draw_line="true" fill_color="ff" line_color="ff" show="true"/>
        <POWER_MANAGEMENT_PIN draw_fill="true" draw_line="true" fill_color="ffc800" line_color="0" show="true"/>
        <PPC draw_fill="false" draw_line="true" fill_color="ffffff" line_color="ff00ff" show="true"/>
        <RAM_MULT draw_fill="false" draw_line="true" fill_color="ffffff" line_color="ff0000" show="true"/>
        <SITE draw_fill="false" draw_line="true" fill_color="ffffff" line_color="b3b3b3" show="true"/>
        <SPECIAL_PIN draw_fill="true" draw_line="true" fill_color="999999" line_color="0" show="true"/>
        <SYSMON_PIN draw_fill="true" draw_line="true" fill_color="ffc800" line_color="0" show="true"/>
        <TEMP_SENSOR_PIN draw_fill="true" draw_line="true" fill_color="ffc800" line_color="0" show="true"/>
        <TILE draw_fill="false" draw_line="true" fill_color="ffffff" line_color="ff" show="true"/>
        <UNROUTED_NET draw_fill="false" draw_line="true" fill_color="d00000" line_color="d00000" show="true"/>
        <USED_ME_CHANNEL draw_fill="false" draw_line="true" fill_color="a000" line_color="a000" show="true"/>
        <USED_ME_CORE draw_fill="true" draw_line="true" fill_color="37cacc" line_color="37cacc" show="true"/>
        <USED_ME_MEMORY_BANK draw_fill="true" draw_line="true" fill_color="a000" line_color="aa00" show="true"/>
        <USED_ME_PORT draw_fill="false" draw_line="true" fill_color="a000" line_color="a000" show="true"/>
        <USED_ME_SWITCH draw_fill="false" draw_line="true" fill_color="a000" line_color="a000" show="true"/>
        <USED_STUB draw_fill="false" draw_line="true" fill_color="ff00ff" line_color="ff00ff" show="false"/>
        <V4_BRAM draw_fill="false" draw_line="true" fill_color="ffffff" line_color="ff00ff" show="true"/>
        <V4_CCM draw_fill="false" draw_line="true" fill_color="ffffff" line_color="ffc800" show="true"/>
        <V4_DSP draw_fill="false" draw_line="true" fill_color="ffffff" line_color="ffff" show="true"/>
        <V4_REG_CLOCK draw_fill="false" draw_line="true" fill_color="ffffff" line_color="ff0000" show="true"/>
        <V4_SYSMON draw_fill="false" draw_line="true" fill_color="ffffff" line_color="ffff00" show="true"/>
        <VCC_PIN draw_fill="true" draw_line="true" fill_color="b5161e" line_color="c0c0c0" show="true"/>
    </general_object_display>
    <metric_display>
        <AIE_METRIC_STALL_TIME>
            <AIE_METRIC_BIN_1 color="8040" from="0f" show="true" to="10f"/>
            <AIE_METRIC_BIN_2 color="cc66" from="10f" show="true" to="20f"/>
            <AIE_METRIC_BIN_3 color="55ffaa" from="20f" show="true" to="30f"/>
            <AIE_METRIC_BIN_4 color="b7ffbd" from="30f" show="true" to="40f"/>
            <AIE_METRIC_BIN_5 color="ffff99" from="40f" show="true" to="50f"/>
            <AIE_METRIC_BIN_6 color="ffff00" from="50f" show="true" to="60f"/>
            <AIE_METRIC_BIN_7 color="ffcc00" from="60f" show="true" to="70f"/>
            <AIE_METRIC_BIN_8 color="ff6600" from="70f" show="true" to="80f"/>
            <AIE_METRIC_BIN_9 color="ff0000" from="80f" show="true" to="90f"/>
            <AIE_METRIC_BIN_10 color="a00202" from="90f" show="true" to="100f"/>
        </AIE_METRIC_STALL_TIME>
        <AIE_METRIC_UTILIZATION_TIME>
            <AIE_METRIC_BIN_1 color="a00202" from="0f" show="true" to="10f"/>
            <AIE_METRIC_BIN_2 color="ff0000" from="10f" show="true" to="20f"/>
            <AIE_METRIC_BIN_3 color="ff6600" from="20f" show="true" to="30f"/>
            <AIE_METRIC_BIN_4 color="ffcc00" from="30f" show="true" to="40f"/>
            <AIE_METRIC_BIN_5 color="ffff00" from="40f" show="true" to="50f"/>
            <AIE_METRIC_BIN_6 color="ffff99" from="50f" show="true" to="60f"/>
            <AIE_METRIC_BIN_7 color="b7ffbd" from="60f" show="true" to="70f"/>
            <AIE_METRIC_BIN_8 color="55ffaa" from="70f" show="true" to="80f"/>
            <AIE_METRIC_BIN_9 color="cc66" from="80f" show="true" to="90f"/>
            <AIE_METRIC_BIN_10 color="8040" from="90f" show="true" to="100f"/>
        </AIE_METRIC_UTILIZATION_TIME>
    </metric_display>
    <general_color>
        <AIE_ARRAY_BACKGROUND color="ffffff"/>
        <AIE_ARRAY_FOREGROUND color="0"/>
        <AIE_ARRAY_MARKERS color="ffff00"/>
        <AIE_ARRAY_SELECTION color="ff"/>
        <CLOCK_INTERACTION_ANNOTATION color="404040"/>
        <CLOCK_INTERACTION_AXIS color="404040"/>
        <CLOCK_INTERACTION_GRID color="c0c0c0"/>
        <CLOCK_INTERACTION_NO_PATH color="ffffff"/>
        <CLOCK_INTERACTION_PAIR_DATAPATH_ONLY color="cc99ff"/>
        <CLOCK_INTERACTION_PARTIAL_FALSE_PATH color="ffff"/>
        <CLOCK_INTERACTION_PARTIAL_FALSE_PATH_UNSAFE color="feab2d"/>
        <CLOCK_INTERACTION_SELECTION color="ffff00"/>
        <CLOCK_INTERACTION_TICK color="404040"/>
        <CLOCK_INTERACTION_TIMED color="ea600"/>
        <CLOCK_INTERACTION_TIMED_UNSAFE color="f60000"/>
        <CLOCK_INTERACTION_USER_IGNORED_PATHS color="149bff"/>
        <CODE_EDITOR_BACKGROUND color="ffffff"/>
        <CODE_EDITOR_BREAKPOINT_BACKGROUND color="f0f99c"/>
        <CODE_EDITOR_CURSOR_COLOR color="0"/>
        <CODE_EDITOR_FIND_HIGHLIGHT_BACKGROUND color="84fac8"/>
        <CODE_EDITOR_FOREGROUND color="0"/>
        <CODE_EDITOR_LINE_HIGHLIGHT color="dcf0e8"/>
        <CODE_EDITOR_MATCHING_WORD_HIGHLIGHT_BACKGROUND color="fffac8"/>
        <CODE_EDITOR_SELECTION_BACKGROUND color="cde1ff"/>
        <CONGESTION_LEVEL_1 color="ffffff"/>
        <CONGESTION_LEVEL_2 color="ffff99"/>
        <CONGESTION_LEVEL_3 color="ffff00"/>
        <CONGESTION_LEVEL_4 color="ffcc00"/>
        <CONGESTION_LEVEL_5 color="ff9900"/>
        <CONGESTION_LEVEL_6 color="ff6600"/>
        <CONGESTION_LEVEL_7 color="ff6666"/>
        <CONGESTION_LEVEL_8 color="ff0000"/>
        <CONSOLE_BACKGROUND color="ffffff"/>
        <CONSOLE_COMMAND_TEXT color="857f8"/>
        <CONSOLE_CURSOR_COLOR color="0"/>
        <CONSOLE_ERROR_TEXT color="e80505"/>
        <CONSOLE_FIND_HIGHLIGHT_BACKGROUND color="ff00"/>
        <CONSOLE_FOREGROUND color="0"/>
        <CONSOLE_MATCHING_WORD_HIGHLIGHT_BACKGROUND color="c8ffc8"/>
        <CONSOLE_SELECTION_BACKGROUND color="dff3fc"/>
        <CONSOLE_WARNING_TEXT color="c78d02"/>
        <DEVICE_BACKGROUND color="e3e3e3"/>
        <DEVICE_FOREGROUND color="0"/>
        <DEVICE_MARKERS color="ffff00"/>
        <DEVICE_SELECTION color="ffff00"/>
        <FRANK_AIE_GRAPH_SELECTION color="ff"/>
        <FRANK_METRICS_ANNOTATION color="434343"/>
        <FRANK_METRICS_AXIS color="98afc7"/>
        <FRANK_METRICS_BACKGROUND color="f6f6f6"/>
        <FRANK_METRICS_BAR color="d3d3d3"/>
        <FRANK_METRICS_GRID color="cecece"/>
        <FRANK_METRICS_SELECTION color="ff"/>
        <FRANK_METRICS_TICK color="98afc7"/>
        <FRANK_SYS_BACKGROUND color="ffffff"/>
        <FRANK_SYS_BUS color="469cb9"/>
        <FRANK_SYS_COMMENT_BORDER color="0"/>
        <FRANK_SYS_COMMENT_TEXT color="0"/>
        <FRANK_SYS_EXPANDED_HIERARCHY_FILL color="fafdfe"/>
        <FRANK_SYS_HIERARCHY_FILL color="aac4f7"/>
        <FRANK_SYS_INSTANCE_BORDER color="41619f"/>
        <FRANK_SYS_INSTANCE_NO_GRADIENT_FILL color="edf6fe"/>
        <FRANK_SYS_INSTANCE_TEXT color="0"/>
        <FRANK_SYS_MARKERS color="ffff00"/>
        <FRANK_SYS_NET color="102235"/>
        <FRANK_SYS_PIN_TEXT color="0"/>
        <FRANK_SYS_PORT color="102235"/>
        <FRANK_SYS_PORT_FILL color="ddd4d0"/>
        <FRANK_SYS_PORT_TEXT color="0"/>
        <FRANK_SYS_SELECTION color="fd862b"/>
        <GE_BACKGROUND color="e3e3e3"/>
        <GE_FOREGROUND color="0"/>
        <GE_MARKERS color="ffff00"/>
        <GE_SELECTION color="ffff00"/>
        <HIGHLIGHT_1 color="ff00ff"/>
        <HIGHLIGHT_10 color="990099"/>
        <HIGHLIGHT_11 color="caf577"/>
        <HIGHLIGHT_12 color="edde31"/>
        <HIGHLIGHT_13 color="56f09f"/>
        <HIGHLIGHT_14 color="ff2a7c"/>
        <HIGHLIGHT_15 color="985ffb"/>
        <HIGHLIGHT_16 color="c1881e"/>
        <HIGHLIGHT_17 color="fac4df"/>
        <HIGHLIGHT_18 color="adf7f7"/>
        <HIGHLIGHT_19 color="fb24ad"/>
        <HIGHLIGHT_2 color="ff9933"/>
        <HIGHLIGHT_20 color="b8a96b"/>
        <HIGHLIGHT_3 color="ff00"/>
        <HIGHLIGHT_4 color="ff9494"/>
        <HIGHLIGHT_5 color="ff"/>
        <HIGHLIGHT_6 color="ffc800"/>
        <HIGHLIGHT_7 color="ff0000"/>
        <HIGHLIGHT_8 color="ffff"/>
        <HIGHLIGHT_9 color="ff00ff"/>
        <HIGHLIGHT_DEFAULT color="ff9933"/>
        <HISTOGRAM_ANNOTATION_FAIL color="cb4541"/>
        <HISTOGRAM_ANNOTATION_PASS color="339f33"/>
        <HISTOGRAM_AXIS color="404040"/>
        <HISTOGRAM_BACKGROUND color="e3e3e3"/>
        <HISTOGRAM_FAIL color="ff0000"/>
        <HISTOGRAM_GRID color="c0c0c0"/>
        <HISTOGRAM_PASS color="ff00"/>
        <HISTOGRAM_SELECTION color="ffff00"/>
        <HISTOGRAM_TICK color="404040"/>
        <INST_HIER_BACKGROUND color="ffffff"/>
        <INST_HIER_FILL color="fafafa"/>
        <INST_HIER_FOREGROUND color="808080"/>
        <INST_HIER_LEAF_CELL_FILL color="ffffcc"/>
        <INST_HIER_LINE color="0"/>
        <INST_HIER_MARKERS color="ffff00"/>
        <INST_HIER_SELECTION color="ff"/>
        <INST_HIER_TEXT color="0"/>
        <LOG_BACKGROUND color="ffffff"/>
        <LOG_CURSOR_COLOR color="0"/>
        <LOG_FIND_HIGHLIGHT_BACKGROUND color="ff00"/>
        <LOG_FOREGROUND color="0"/>
        <LOG_LINE_HIGHLIGHT color="ffffd7"/>
        <LOG_MATCHING_WORD_HIGHLIGHT_BACKGROUND color="c8ffc8"/>
        <LOG_SELECTION_BACKGROUND color="dff3fc"/>
        <MARK_1 color="ff00ff"/>
        <MARK_10 color="990099"/>
        <MARK_11 color="caf577"/>
        <MARK_12 color="edde31"/>
        <MARK_13 color="56f09f"/>
        <MARK_14 color="ff2a7c"/>
        <MARK_15 color="985ffb"/>
        <MARK_16 color="c1881e"/>
        <MARK_17 color="fac4df"/>
        <MARK_18 color="adf7f7"/>
        <MARK_19 color="fb24ad"/>
        <MARK_2 color="ff9933"/>
        <MARK_20 color="b8a96b"/>
        <MARK_3 color="ff00"/>
        <MARK_4 color="ff9494"/>
        <MARK_5 color="ff"/>
        <MARK_6 color="ffc800"/>
        <MARK_7 color="ff0000"/>
        <MARK_8 color="ffff"/>
        <MARK_9 color="ff00ff"/>
        <MARK_DEFAULT color="ff9933"/>
        <NOCVIEW_BACKGROUND color="ffffff"/>
        <NOCVIEW_FOREGROUND color="0"/>
        <NOCVIEW_MARKERS color="ffff00"/>
        <NOCVIEW_SELECTION color="ff"/>
        <PACKAGE_BACKGROUND color="e3e3e3"/>
        <PACKAGE_FOREGROUND color="0"/>
        <PACKAGE_MARKERS color="ffff00"/>
        <PACKAGE_SELECTION color="ffff00"/>
        <RSB_AXI3_CONNECTION color="469cb9"/>
        <RSB_AXI4LITE_CONNECTION color="469cb9"/>
        <RSB_AXI4MM_CONNECTION color="469cb9"/>
        <RSB_AXI4STREAM_CONNECTION color="469cb9"/>
        <RSB_AXIINI_CONNECTION color="469cb9"/>
        <RSB_BACKGROUND color="ffffff"/>
        <RSB_BUS color="469cb9"/>
        <RSB_CLOCK_ENABLE_NET color="2a5e6f"/>
        <RSB_CLOCK_NET color="2a5e6f"/>
        <RSB_COMMENT_BORDER color="0"/>
        <RSB_COMMENT_TEXT color="0"/>
        <RSB_DATA_NET color="2a5e6f"/>
        <RSB_EXPANDED_HIERARCHY_FILL color="ffffff"/>
        <RSB_HIERARCHY_FILL color="ffffff"/>
        <RSB_INSTANCE_BORDER color="0"/>
        <RSB_INSTANCE_NO_GRADIENT_FILL color="ffffff"/>
        <RSB_INSTANCE_TEXT color="0"/>
        <RSB_INTERFACE_CONNECTION color="469cb9"/>
        <RSB_INTERFACE_PORT color="947058"/>
        <RSB_INTERFACE_PORT_FILL color="ddd4d0"/>
        <RSB_INTERRUPT_NET color="2a5e6f"/>
        <RSB_MARKERS color="ffff00"/>
        <RSB_MOVE_INSTANCE_COLOR color="c89900"/>
        <RSB_NET color="2a5e6f"/>
        <RSB_PIN_TEXT color="0"/>
        <RSB_PORT color="2a5e6f"/>
        <RSB_PORT_FILL color="ddd4d0"/>
        <RSB_PORT_TEXT color="0"/>
        <RSB_RESET_NET color="2a5e6f"/>
        <RSB_SELECTION color="555555"/>
        <SCH_ATTRIBUTE color="0"/>
        <SCH_BACKGROUND color="ffffff"/>
        <SCH_BUS color="0"/>
        <SCH_BUS_RIPPER color="0"/>
        <SCH_CELL_TEXT color="0"/>
        <SCH_EXPAND_HIER_COLOR color="ffffff"/>
        <SCH_FILL_0 color="ffffff"/>
        <SCH_FILL_1 color="ffffff"/>
        <SCH_FILL_2 color="ffffff"/>
        <SCH_FOREGROUND color="0"/>
        <SCH_INSTANCE_TEXT color="0"/>
        <SCH_INST_0 color="0"/>
        <SCH_INST_1 color="0"/>
        <SCH_INST_2 color="0"/>
        <SCH_MARKERS color="ffff00"/>
        <SCH_NEG_SLACK color="ff0000"/>
        <SCH_NET color="0"/>
        <SCH_PIN_TEXT color="0"/>
        <SCH_PORT color="0"/>
        <SCH_PORT_TEXT color="0"/>
        <SCH_SELECTION color="ff"/>
        <VSI_SYS_AXI3_CONNECTION color="469cb9"/>
        <VSI_SYS_AXI4LITE_CONNECTION color="469cb9"/>
        <VSI_SYS_AXI4MM_CONNECTION color="469cb9"/>
        <VSI_SYS_AXI4STREAM_CONNECTION color="469cb9"/>
        <VSI_SYS_AXIINI_CONNECTION color="469cb9"/>
        <VSI_SYS_BACKGROUND color="ffffff"/>
        <VSI_SYS_BUS color="469cb9"/>
        <VSI_SYS_CLOCK_ENABLE_NET color="2a5e6f"/>
        <VSI_SYS_CLOCK_NET color="2a5e6f"/>
        <VSI_SYS_COMMENT_BORDER color="0"/>
        <VSI_SYS_COMMENT_TEXT color="0"/>
        <VSI_SYS_DATA_NET color="2a5e6f"/>
        <VSI_SYS_EXPANDED_HIERARCHY_FILL color="ffffff"/>
        <VSI_SYS_HIERARCHY_FILL color="ffffff"/>
        <VSI_SYS_INSTANCE_BORDER color="0"/>
        <VSI_SYS_INSTANCE_FILL color="ffffff"/>
        <VSI_SYS_INSTANCE_TEXT color="0"/>
        <VSI_SYS_INTERFACE_CONNECTION color="469cb9"/>
        <VSI_SYS_INTERFACE_PORT color="947058"/>
        <VSI_SYS_INTERFACE_PORT_FILL color="ddd4d0"/>
        <VSI_SYS_INTERRUPT_NET color="2a5e6f"/>
        <VSI_SYS_MARKERS color="ffff00"/>
        <VSI_SYS_MOVE_INSTANCE_COLOR color="c89900"/>
        <VSI_SYS_NET color="2a5e6f"/>
        <VSI_SYS_PIN_TEXT color="0"/>
        <VSI_SYS_PORT color="2a5e6f"/>
        <VSI_SYS_PORT_FILL color="ddd4d0"/>
        <VSI_SYS_PORT_TEXT color="0"/>
        <VSI_SYS_RESET_NET color="2a5e6f"/>
        <VSI_SYS_SELECTION color="555555"/>
        <WAVEFORM_BACKGROUND color="e3e3e3"/>
        <WINDOW_BACKGROUND color="ffffff"/>
        <WINDOW_FOREGROUND color="0"/>
        <WORLDVIEW_VIEWABLE_AREA color="ffc800"/>
    </general_color>
    <general>
        <code_editor_syntax_styles>
            <syntax_style background_color="null" effect="0" effect_color="null" font_style="0" foreground_color="-16777216" stripe_color="null" style_index="0"/>
            <syntax_style background_color="null" effect="0" effect_color="null" font_style="2" foreground_color="-8355712" stripe_color="null" style_index="1"/>
            <syntax_style background_color="null" effect="0" effect_color="null" font_style="2" foreground_color="-8355712" stripe_color="null" style_index="2"/>
            <syntax_style background_color="null" effect="0" effect_color="null" font_style="1" foreground_color="-16777088" stripe_color="null" style_index="3"/>
            <syntax_style background_color="null" effect="0" effect_color="null" font_style="0" foreground_color="-65281" stripe_color="null" style_index="4"/>
            <syntax_style background_color="null" effect="0" effect_color="null" font_style="0" foreground_color="-16738816" stripe_color="null" style_index="5"/>
            <syntax_style background_color="null" effect="0" effect_color="null" font_style="0" foreground_color="-10157927" stripe_color="null" style_index="6"/>
            <syntax_style background_color="null" effect="0" effect_color="null" font_style="1" foreground_color="-10157927" stripe_color="null" style_index="7"/>
            <syntax_style background_color="null" effect="0" effect_color="null" font_style="1" foreground_color="-6750157" stripe_color="null" style_index="8"/>
            <syntax_style background_color="null" effect="0" effect_color="null" font_style="1" foreground_color="-16777216" stripe_color="null" style_index="9"/>
            <syntax_style background_color="null" effect="0" effect_color="null" font_style="1" foreground_color="-65536" stripe_color="null" style_index="10"/>
            <syntax_style background_color="null" effect="2" effect_color="-65536" font_style="0" foreground_color="null" stripe_color="-65536" style_index="11"/>
            <syntax_style background_color="-595012" effect="0" effect_color="null" font_style="0" foreground_color="-16777216" stripe_color="-256" style_index="12"/>
            <syntax_style background_color="-986896" effect="0" effect_color="null" font_style="0" foreground_color="-16777216" stripe_color="null" style_index="13"/>
            <syntax_style background_color="-6697729" effect="0" effect_color="null" font_style="0" foreground_color="-16777216" stripe_color="-6697729" style_index="14"/>
            <syntax_style background_color="null" effect="0" effect_color="null" font_style="2" foreground_color="-16777216" stripe_color="null" style_index="15"/>
            <syntax_style background_color="null" effect="0" effect_color="null" font_style="2" foreground_color="-16777216" stripe_color="null" style_index="16"/>
            <syntax_style background_color="null" effect="0" effect_color="null" font_style="2" foreground_color="-16777216" stripe_color="null" style_index="17"/>
            <syntax_style background_color="null" effect="0" effect_color="null" font_style="2" foreground_color="-16777216" stripe_color="null" style_index="18"/>
            <syntax_style background_color="null" effect="0" effect_color="null" font_style="2" foreground_color="-16777216" stripe_color="null" style_index="19"/>
            <syntax_style background_color="null" effect="0" effect_color="null" font_style="2" foreground_color="-16777216" stripe_color="null" style_index="20"/>
        </code_editor_syntax_styles>
        <code_editor_syntax_styles_Generic>
            <syntax_style background_color="null" effect="0" effect_color="null" font_style="0" foreground_color="-16777216" stripe_color="null" style_index="0"/>
            <syntax_style background_color="null" effect="0" effect_color="null" font_style="2" foreground_color="-8355712" stripe_color="null" style_index="1"/>
            <syntax_style background_color="null" effect="0" effect_color="null" font_style="2" foreground_color="-8355712" stripe_color="null" style_index="2"/>
            <syntax_style background_color="null" effect="0" effect_color="null" font_style="1" foreground_color="-16777088" stripe_color="null" style_index="3"/>
            <syntax_style background_color="null" effect="0" effect_color="null" font_style="0" foreground_color="-65281" stripe_color="null" style_index="4"/>
            <syntax_style background_color="null" effect="0" effect_color="null" font_style="0" foreground_color="-16738816" stripe_color="null" style_index="5"/>
            <syntax_style background_color="null" effect="0" effect_color="null" font_style="0" foreground_color="-10157927" stripe_color="null" style_index="6"/>
            <syntax_style background_color="null" effect="0" effect_color="null" font_style="1" foreground_color="-10157927" stripe_color="null" style_index="7"/>
            <syntax_style background_color="null" effect="0" effect_color="null" font_style="1" foreground_color="-6750157" stripe_color="null" style_index="8"/>
            <syntax_style background_color="null" effect="0" effect_color="null" font_style="1" foreground_color="-16777216" stripe_color="null" style_index="9"/>
            <syntax_style background_color="null" effect="0" effect_color="null" font_style="1" foreground_color="-65536" stripe_color="null" style_index="10"/>
            <syntax_style background_color="null" effect="2" effect_color="-65536" font_style="0" foreground_color="null" stripe_color="-65536" style_index="11"/>
            <syntax_style background_color="-595012" effect="0" effect_color="null" font_style="0" foreground_color="-16777216" stripe_color="-256" style_index="12"/>
            <syntax_style background_color="-986896" effect="0" effect_color="null" font_style="0" foreground_color="-16777216" stripe_color="null" style_index="13"/>
            <syntax_style background_color="-6697729" effect="0" effect_color="null" font_style="0" foreground_color="-16777216" stripe_color="-6697729" style_index="14"/>
            <syntax_style background_color="null" effect="0" effect_color="null" font_style="2" foreground_color="-16777216" stripe_color="null" style_index="15"/>
            <syntax_style background_color="null" effect="0" effect_color="null" font_style="2" foreground_color="-16777216" stripe_color="null" style_index="16"/>
            <syntax_style background_color="null" effect="0" effect_color="null" font_style="2" foreground_color="-16777216" stripe_color="null" style_index="17"/>
            <syntax_style background_color="null" effect="0" effect_color="null" font_style="2" foreground_color="-16777216" stripe_color="null" style_index="18"/>
            <syntax_style background_color="null" effect="0" effect_color="null" font_style="2" foreground_color="-16777216" stripe_color="null" style_index="19"/>
            <syntax_style background_color="null" effect="0" effect_color="null" font_style="2" foreground_color="-16777216" stripe_color="null" style_index="20"/>
        </code_editor_syntax_styles_Generic>
        <code_editor_syntax_styles_Verilog>
            <syntax_style background_color="null" effect="0" effect_color="null" font_style="0" foreground_color="-16777216" stripe_color="null" style_index="0"/>
            <syntax_style background_color="null" effect="0" effect_color="null" font_style="2" foreground_color="-8355712" stripe_color="null" style_index="1"/>
            <syntax_style background_color="null" effect="0" effect_color="null" font_style="2" foreground_color="-8355712" stripe_color="null" style_index="2"/>
            <syntax_style background_color="null" effect="0" effect_color="null" font_style="1" foreground_color="-16777088" stripe_color="null" style_index="3"/>
            <syntax_style background_color="null" effect="0" effect_color="null" font_style="0" foreground_color="-65281" stripe_color="null" style_index="4"/>
            <syntax_style background_color="null" effect="0" effect_color="null" font_style="0" foreground_color="-16738816" stripe_color="null" style_index="5"/>
            <syntax_style background_color="null" effect="0" effect_color="null" font_style="0" foreground_color="-10157927" stripe_color="null" style_index="6"/>
            <syntax_style background_color="null" effect="0" effect_color="null" font_style="1" foreground_color="-10157927" stripe_color="null" style_index="7"/>
            <syntax_style background_color="null" effect="0" effect_color="null" font_style="1" foreground_color="-6750157" stripe_color="null" style_index="8"/>
            <syntax_style background_color="null" effect="0" effect_color="null" font_style="1" foreground_color="-16777216" stripe_color="null" style_index="9"/>
            <syntax_style background_color="null" effect="0" effect_color="null" font_style="1" foreground_color="-65536" stripe_color="null" style_index="10"/>
            <syntax_style background_color="null" effect="2" effect_color="-65536" font_style="0" foreground_color="null" stripe_color="-65536" style_index="11"/>
            <syntax_style background_color="-595012" effect="0" effect_color="null" font_style="0" foreground_color="-16777216" stripe_color="-256" style_index="12"/>
            <syntax_style background_color="-986896" effect="0" effect_color="null" font_style="0" foreground_color="-16777216" stripe_color="null" style_index="13"/>
            <syntax_style background_color="-6697729" effect="0" effect_color="null" font_style="0" foreground_color="-16777216" stripe_color="-6697729" style_index="14"/>
            <syntax_style background_color="null" effect="0" effect_color="null" font_style="2" foreground_color="-16777216" stripe_color="null" style_index="15"/>
            <syntax_style background_color="null" effect="0" effect_color="null" font_style="2" foreground_color="-16777216" stripe_color="null" style_index="16"/>
            <syntax_style background_color="null" effect="0" effect_color="null" font_style="2" foreground_color="-16777216" stripe_color="null" style_index="17"/>
            <syntax_style background_color="null" effect="0" effect_color="null" font_style="2" foreground_color="-16777216" stripe_color="null" style_index="18"/>
            <syntax_style background_color="null" effect="0" effect_color="null" font_style="2" foreground_color="-16777216" stripe_color="null" style_index="19"/>
            <syntax_style background_color="null" effect="0" effect_color="null" font_style="2" foreground_color="-16777216" stripe_color="null" style_index="20"/>
        </code_editor_syntax_styles_Verilog>
        <code_editor_syntax_styles_VHDL>
            <syntax_style background_color="null" effect="0" effect_color="null" font_style="0" foreground_color="-16777216" stripe_color="null" style_index="0"/>
            <syntax_style background_color="null" effect="0" effect_color="null" font_style="2" foreground_color="-8355712" stripe_color="null" style_index="1"/>
            <syntax_style background_color="null" effect="0" effect_color="null" font_style="2" foreground_color="-8355712" stripe_color="null" style_index="2"/>
            <syntax_style background_color="null" effect="0" effect_color="null" font_style="1" foreground_color="-16777088" stripe_color="null" style_index="3"/>
            <syntax_style background_color="null" effect="0" effect_color="null" font_style="0" foreground_color="-65281" stripe_color="null" style_index="4"/>
            <syntax_style background_color="null" effect="0" effect_color="null" font_style="0" foreground_color="-16738816" stripe_color="null" style_index="5"/>
            <syntax_style background_color="null" effect="0" effect_color="null" font_style="0" foreground_color="-10157927" stripe_color="null" style_index="6"/>
            <syntax_style background_color="null" effect="0" effect_color="null" font_style="1" foreground_color="-10157927" stripe_color="null" style_index="7"/>
            <syntax_style background_color="null" effect="0" effect_color="null" font_style="1" foreground_color="-6750157" stripe_color="null" style_index="8"/>
            <syntax_style background_color="null" effect="0" effect_color="null" font_style="1" foreground_color="-16777216" stripe_color="null" style_index="9"/>
            <syntax_style background_color="null" effect="0" effect_color="null" font_style="1" foreground_color="-65536" stripe_color="null" style_index="10"/>
            <syntax_style background_color="null" effect="2" effect_color="-65536" font_style="0" foreground_color="null" stripe_color="-65536" style_index="11"/>
            <syntax_style background_color="-595012" effect="0" effect_color="null" font_style="0" foreground_color="-16777216" stripe_color="-256" style_index="12"/>
            <syntax_style background_color="-986896" effect="0" effect_color="null" font_style="0" foreground_color="-16777216" stripe_color="null" style_index="13"/>
            <syntax_style background_color="-6697729" effect="0" effect_color="null" font_style="0" foreground_color="-16777216" stripe_color="-6697729" style_index="14"/>
            <syntax_style background_color="null" effect="0" effect_color="null" font_style="2" foreground_color="-16777216" stripe_color="null" style_index="15"/>
            <syntax_style background_color="null" effect="0" effect_color="null" font_style="2" foreground_color="-16777216" stripe_color="null" style_index="16"/>
            <syntax_style background_color="null" effect="0" effect_color="null" font_style="2" foreground_color="-16777216" stripe_color="null" style_index="17"/>
            <syntax_style background_color="null" effect="0" effect_color="null" font_style="2" foreground_color="-16777216" stripe_color="null" style_index="18"/>
            <syntax_style background_color="null" effect="0" effect_color="null" font_style="2" foreground_color="-16777216" stripe_color="null" style_index="19"/>
            <syntax_style background_color="null" effect="0" effect_color="null" font_style="2" foreground_color="-16777216" stripe_color="null" style_index="20"/>
        </code_editor_syntax_styles_VHDL>
        <code_editor_syntax_styles_XDC>
            <syntax_style background_color="null" effect="0" effect_color="null" font_style="0" foreground_color="-16777216" stripe_color="null" style_index="0"/>
            <syntax_style background_color="null" effect="0" effect_color="null" font_style="2" foreground_color="-8355712" stripe_color="null" style_index="1"/>
            <syntax_style background_color="null" effect="0" effect_color="null" font_style="2" foreground_color="-8355712" stripe_color="null" style_index="2"/>
            <syntax_style background_color="null" effect="0" effect_color="null" font_style="1" foreground_color="-16777088" stripe_color="null" style_index="3"/>
            <syntax_style background_color="null" effect="0" effect_color="null" font_style="0" foreground_color="-65281" stripe_color="null" style_index="4"/>
            <syntax_style background_color="null" effect="0" effect_color="null" font_style="0" foreground_color="-16738816" stripe_color="null" style_index="5"/>
            <syntax_style background_color="null" effect="0" effect_color="null" font_style="0" foreground_color="-10157927" stripe_color="null" style_index="6"/>
            <syntax_style background_color="null" effect="0" effect_color="null" font_style="1" foreground_color="-10157927" stripe_color="null" style_index="7"/>
            <syntax_style background_color="null" effect="0" effect_color="null" font_style="1" foreground_color="-6750157" stripe_color="null" style_index="8"/>
            <syntax_style background_color="null" effect="0" effect_color="null" font_style="1" foreground_color="-16777216" stripe_color="null" style_index="9"/>
            <syntax_style background_color="null" effect="0" effect_color="null" font_style="1" foreground_color="-65536" stripe_color="null" style_index="10"/>
            <syntax_style background_color="null" effect="2" effect_color="-65536" font_style="0" foreground_color="null" stripe_color="-65536" style_index="11"/>
            <syntax_style background_color="-595012" effect="0" effect_color="null" font_style="0" foreground_color="-16777216" stripe_color="-256" style_index="12"/>
            <syntax_style background_color="-986896" effect="0" effect_color="null" font_style="0" foreground_color="-16777216" stripe_color="null" style_index="13"/>
            <syntax_style background_color="-6697729" effect="0" effect_color="null" font_style="0" foreground_color="-16777216" stripe_color="-6697729" style_index="14"/>
            <syntax_style background_color="null" effect="0" effect_color="null" font_style="2" foreground_color="-16777216" stripe_color="null" style_index="15"/>
            <syntax_style background_color="null" effect="0" effect_color="null" font_style="2" foreground_color="-16777216" stripe_color="null" style_index="16"/>
            <syntax_style background_color="null" effect="0" effect_color="null" font_style="2" foreground_color="-16777216" stripe_color="null" style_index="17"/>
            <syntax_style background_color="null" effect="0" effect_color="null" font_style="2" foreground_color="-16777216" stripe_color="null" style_index="18"/>
            <syntax_style background_color="null" effect="0" effect_color="null" font_style="2" foreground_color="-16777216" stripe_color="null" style_index="19"/>
            <syntax_style background_color="null" effect="0" effect_color="null" font_style="2" foreground_color="-16777216" stripe_color="null" style_index="20"/>
        </code_editor_syntax_styles_XDC>
        <code_editor_syntax_styles_Tcl>
            <syntax_style background_color="null" effect="0" effect_color="null" font_style="0" foreground_color="-16777216" stripe_color="null" style_index="0"/>
            <syntax_style background_color="null" effect="0" effect_color="null" font_style="2" foreground_color="-8355712" stripe_color="null" style_index="1"/>
            <syntax_style background_color="null" effect="0" effect_color="null" font_style="2" foreground_color="-8355712" stripe_color="null" style_index="2"/>
            <syntax_style background_color="null" effect="0" effect_color="null" font_style="1" foreground_color="-16777088" stripe_color="null" style_index="3"/>
            <syntax_style background_color="null" effect="0" effect_color="null" font_style="0" foreground_color="-65281" stripe_color="null" style_index="4"/>
            <syntax_style background_color="null" effect="0" effect_color="null" font_style="0" foreground_color="-16738816" stripe_color="null" style_index="5"/>
            <syntax_style background_color="null" effect="0" effect_color="null" font_style="0" foreground_color="-10157927" stripe_color="null" style_index="6"/>
            <syntax_style background_color="null" effect="0" effect_color="null" font_style="1" foreground_color="-10157927" stripe_color="null" style_index="7"/>
            <syntax_style background_color="null" effect="0" effect_color="null" font_style="1" foreground_color="-6750157" stripe_color="null" style_index="8"/>
            <syntax_style background_color="null" effect="0" effect_color="null" font_style="1" foreground_color="-16777216" stripe_color="null" style_index="9"/>
            <syntax_style background_color="null" effect="0" effect_color="null" font_style="1" foreground_color="-65536" stripe_color="null" style_index="10"/>
            <syntax_style background_color="null" effect="2" effect_color="-65536" font_style="0" foreground_color="null" stripe_color="-65536" style_index="11"/>
            <syntax_style background_color="-595012" effect="0" effect_color="null" font_style="0" foreground_color="-16777216" stripe_color="-256" style_index="12"/>
            <syntax_style background_color="-986896" effect="0" effect_color="null" font_style="0" foreground_color="-16777216" stripe_color="null" style_index="13"/>
            <syntax_style background_color="-6697729" effect="0" effect_color="null" font_style="0" foreground_color="-16777216" stripe_color="-6697729" style_index="14"/>
            <syntax_style background_color="null" effect="0" effect_color="null" font_style="2" foreground_color="-16777216" stripe_color="null" style_index="15"/>
            <syntax_style background_color="null" effect="0" effect_color="null" font_style="2" foreground_color="-16777216" stripe_color="null" style_index="16"/>
            <syntax_style background_color="null" effect="0" effect_color="null" font_style="2" foreground_color="-16777216" stripe_color="null" style_index="17"/>
            <syntax_style background_color="null" effect="0" effect_color="null" font_style="2" foreground_color="-16777216" stripe_color="null" style_index="18"/>
            <syntax_style background_color="null" effect="0" effect_color="null" font_style="2" foreground_color="-16777216" stripe_color="null" style_index="19"/>
            <syntax_style background_color="null" effect="0" effect_color="null" font_style="2" foreground_color="-16777216" stripe_color="null" style_index="20"/>
        </code_editor_syntax_styles_Tcl>
        <code_editor_syntax_styles_TSM>
            <syntax_style background_color="null" effect="0" effect_color="null" font_style="0" foreground_color="-16777216" stripe_color="null" style_index="0"/>
            <syntax_style background_color="null" effect="0" effect_color="null" font_style="2" foreground_color="-8355712" stripe_color="null" style_index="1"/>
            <syntax_style background_color="null" effect="0" effect_color="null" font_style="2" foreground_color="-8355712" stripe_color="null" style_index="2"/>
            <syntax_style background_color="null" effect="0" effect_color="null" font_style="1" foreground_color="-16777088" stripe_color="null" style_index="3"/>
            <syntax_style background_color="null" effect="0" effect_color="null" font_style="0" foreground_color="-65281" stripe_color="null" style_index="4"/>
            <syntax_style background_color="null" effect="0" effect_color="null" font_style="0" foreground_color="-16738816" stripe_color="null" style_index="5"/>
            <syntax_style background_color="null" effect="0" effect_color="null" font_style="0" foreground_color="-10157927" stripe_color="null" style_index="6"/>
            <syntax_style background_color="null" effect="0" effect_color="null" font_style="1" foreground_color="-10157927" stripe_color="null" style_index="7"/>
            <syntax_style background_color="null" effect="0" effect_color="null" font_style="1" foreground_color="-6750157" stripe_color="null" style_index="8"/>
            <syntax_style background_color="null" effect="0" effect_color="null" font_style="1" foreground_color="-16777216" stripe_color="null" style_index="9"/>
            <syntax_style background_color="null" effect="0" effect_color="null" font_style="1" foreground_color="-65536" stripe_color="null" style_index="10"/>
            <syntax_style background_color="null" effect="2" effect_color="-65536" font_style="0" foreground_color="null" stripe_color="-65536" style_index="11"/>
            <syntax_style background_color="-595012" effect="0" effect_color="null" font_style="0" foreground_color="-16777216" stripe_color="-256" style_index="12"/>
            <syntax_style background_color="-986896" effect="0" effect_color="null" font_style="0" foreground_color="-16777216" stripe_color="null" style_index="13"/>
            <syntax_style background_color="-6697729" effect="0" effect_color="null" font_style="0" foreground_color="-16777216" stripe_color="-6697729" style_index="14"/>
            <syntax_style background_color="null" effect="0" effect_color="null" font_style="2" foreground_color="-16777216" stripe_color="null" style_index="15"/>
            <syntax_style background_color="null" effect="0" effect_color="null" font_style="2" foreground_color="-16777216" stripe_color="null" style_index="16"/>
            <syntax_style background_color="null" effect="0" effect_color="null" font_style="2" foreground_color="-16777216" stripe_color="null" style_index="17"/>
            <syntax_style background_color="null" effect="0" effect_color="null" font_style="2" foreground_color="-16777216" stripe_color="null" style_index="18"/>
            <syntax_style background_color="null" effect="0" effect_color="null" font_style="2" foreground_color="-16777216" stripe_color="null" style_index="19"/>
            <syntax_style background_color="null" effect="0" effect_color="null" font_style="2" foreground_color="-16777216" stripe_color="null" style_index="20"/>
        </code_editor_syntax_styles_TSM>
        <code_editor_syntax_styles_SyntaxCheck>
            <syntax_style background_color="null" effect="0" effect_color="null" font_style="0" foreground_color="-16777216" stripe_color="null" style_index="0"/>
            <syntax_style background_color="null" effect="0" effect_color="null" font_style="2" foreground_color="-8355712" stripe_color="null" style_index="1"/>
            <syntax_style background_color="null" effect="0" effect_color="null" font_style="2" foreground_color="-8355712" stripe_color="null" style_index="2"/>
            <syntax_style background_color="null" effect="0" effect_color="null" font_style="1" foreground_color="-16777088" stripe_color="null" style_index="3"/>
            <syntax_style background_color="null" effect="0" effect_color="null" font_style="0" foreground_color="-65281" stripe_color="null" style_index="4"/>
            <syntax_style background_color="null" effect="0" effect_color="null" font_style="0" foreground_color="-16738816" stripe_color="null" style_index="5"/>
            <syntax_style background_color="null" effect="0" effect_color="null" font_style="0" foreground_color="-10157927" stripe_color="null" style_index="6"/>
            <syntax_style background_color="null" effect="0" effect_color="null" font_style="1" foreground_color="-10157927" stripe_color="null" style_index="7"/>
            <syntax_style background_color="null" effect="0" effect_color="null" font_style="1" foreground_color="-6750157" stripe_color="null" style_index="8"/>
            <syntax_style background_color="null" effect="0" effect_color="null" font_style="1" foreground_color="-16777216" stripe_color="null" style_index="9"/>
            <syntax_style background_color="null" effect="0" effect_color="null" font_style="1" foreground_color="-65536" stripe_color="null" style_index="10"/>
            <syntax_style background_color="null" effect="2" effect_color="-65536" font_style="0" foreground_color="null" stripe_color="-65536" style_index="11"/>
            <syntax_style background_color="-595012" effect="0" effect_color="null" font_style="0" foreground_color="-16777216" stripe_color="-256" style_index="12"/>
            <syntax_style background_color="-986896" effect="0" effect_color="null" font_style="0" foreground_color="-16777216" stripe_color="null" style_index="13"/>
            <syntax_style background_color="-6697729" effect="0" effect_color="null" font_style="0" foreground_color="-16777216" stripe_color="-6697729" style_index="14"/>
            <syntax_style background_color="null" effect="0" effect_color="null" font_style="2" foreground_color="-16777216" stripe_color="null" style_index="15"/>
            <syntax_style background_color="null" effect="0" effect_color="null" font_style="2" foreground_color="-16777216" stripe_color="null" style_index="16"/>
            <syntax_style background_color="null" effect="0" effect_color="null" font_style="2" foreground_color="-16777216" stripe_color="null" style_index="17"/>
            <syntax_style background_color="null" effect="0" effect_color="null" font_style="2" foreground_color="-16777216" stripe_color="null" style_index="18"/>
            <syntax_style background_color="null" effect="0" effect_color="null" font_style="2" foreground_color="-16777216" stripe_color="null" style_index="19"/>
            <syntax_style background_color="null" effect="0" effect_color="null" font_style="2" foreground_color="-16777216" stripe_color="null" style_index="20"/>
        </code_editor_syntax_styles_SyntaxCheck>
        <CODE_EDITOR_FONT font_name="Monospaced" font_size="12"/>
        <FRANK_RECENT_DIRECTORIES_LIST/>
        <FRANK_RECENT_COMPILE_SUMMARIES_LIST/>
        <FRANK_RECENT_AIE_COMPILE_SUMMARIES_LIST/>
        <FRANK_RECENT_LINK_SUMMARIES_LIST/>
        <FRANK_RECENT_PACKAGE_SUMMARIES_LIST/>
        <FRANK_RECENT_RUN_SUMMARIES_LIST>
            <recent index="0" path="/home/hans/Desktop/kernel.xclbin.run_summary"/>
        </FRANK_RECENT_RUN_SUMMARIES_LIST>
        <FRANK_RECENT_AIE_RUN_SUMMARIES_LIST/>
        <FRANK_RECENT_XCLBINS_LIST/>
        <FRANK_RECENT_REPORTS_LIST/>
        <FRANK_RECENT_FILES_LIST/>
        <FRANK_RECENT_OPEN_REPORTS_LIST>
            <recent index="0" path="Resource{value=FrankResource.FrankViewType_APPLICATION_TIMELINE}Type{value=APPLICATION_TIMELINE_REPORT},SummaryFile{file=kernel.xclbin.run_summary isArchive=false},ReportFile{file=Desktop/timeline_trace}"/>
            <recent index="1" path="Resource{value=FrankResource.FrankViewType_PROFILE_SUMMARY}Type{value=PROFILE_SUMMARY_REPORT},SummaryFile{file=kernel.xclbin.run_summary isArchive=false},ReportFile{file=Desktop/profile_summary}"/>
        </FRANK_RECENT_OPEN_REPORTS_LIST>
        <FRANK_RECENT_REPORT_HOLDERS_LIST>
            <recent index="0" path="/home/hans/Desktop/kernel.xclbin.run_summary"/>
        </FRANK_RECENT_REPORT_HOLDERS_LIST>
        <FRANK_GLOBAL_SEARCH_RECENT_LIST/>
        <ENFORCE_LEGAL_IO_PLACEMENT value="true"/>
        <FILE_CHOOSER_DEFAULT_VIEW value="list"/>
        <FRANK_CURRENT_DIRECTORY value="/home/hans/Desktop"/>
        <FRANK_CU_RESOURCE_COL value="7&#9;525&#9;Name&#9;0&#9;2147483647&#9;1&#9;75&#9;75&#9;Kernel&#9;1&#9;2147483647&#9;1&#9;75&#9;75&#9;LUT (% Used)&#9;2&#9;2147483647&#9;1&#9;75&#9;75&#9;Register (% Used)&#9;3&#9;2147483647&#9;1&#9;75&#9;75&#9;BRAM (% Used)&#9;4&#9;2147483647&#9;1&#9;75&#9;75&#9;URAM (% Used)&#9;5&#9;2147483647&#9;1&#9;75&#9;75&#9;DSP (% Used)&#9;6&#9;2147483647&#9;1&#9;75&#9;75&#9;&#9;&#9;1&#9;8&#9;1&#9;Name&#9;Kernel&#9;LUT (% Used)&#9;Register (% Used)&#9;BRAM (% Used)&#9;URAM (% Used)&#9;DSP (% Used)"/>
        <FRANK_LAST_REPORTS_HOLDER_ACTIVE value="/home/hans/Desktop/kernel.xclbin.run_summary"/>
        <FRANK_LAST_SUMMARY_OPEN value="/home/hans/Desktop/kernel.xclbin.run_summary"/>
        <FRANK_MEMORY_COL value="6&#9;450&#9;Name&#9;0&#9;2147483647&#9;1&#9;75&#9;75&#9;Type&#9;1&#9;2147483647&#9;1&#9;75&#9;75&#9;Used&#9;2&#9;2147483647&#9;1&#9;75&#9;75&#9;Size (kB)&#9;3&#9;2147483647&#9;1&#9;75&#9;75&#9;Base Address&#9;4&#9;2147483647&#9;1&#9;75&#9;75&#9;SLR&#9;5&#9;2147483647&#9;1&#9;75&#9;75&#9;&#9;&#9;1&#9;7&#9;1&#9;Name&#9;Type&#9;Used&#9;Size (kB)&#9;Base Address&#9;SLR"/>
        <GUIDANCE_TABLE_COLUMNS value="7&#9;0&#9;Name&#9;0&#9;2147483647&#9;1&#9;75&#9;75&#9;Threshold&#9;1&#9;2147483647&#9;1&#9;75&#9;75&#9;Actual&#9;2&#9;2147483647&#9;1&#9;75&#9;75&#9;Details&#9;3&#9;2147483647&#9;15&#9;75&#9;75&#9;Resolution&#9;4&#9;2147483647&#9;1&#9;75&#9;75&#9;Rule&#9;5&#9;2147483647&#9;1&#9;75&#9;75&#9;Categories&#9;6&#9;2147483647&#9;1&#9;75&#9;75&#9;&#9;&#9;1&#9;8&#9;1&#9;Name&#9;Threshold&#9;Actual&#9;Details&#9;Resolution&#9;Rule&#9;Categories"/>
        <GUIDANCE_TREE_COLUMNS value="5&#9;2137&#9;Name&#9;0&#9;2147483647&#9;15&#9;75&#9;75&#9;Threshold&#9;1&#9;2147483647&#9;15&#9;75&#9;75&#9;Actual&#9;2&#9;2147483647&#9;15&#9;75&#9;75&#9;Details&#9;3&#9;2147483647&#9;15&#9;75&#9;75&#9;Resolution&#9;4&#9;2147483647&#9;15&#9;75&#9;75&#9;&#9;&#9;1&#9;6&#9;1&#9;Name&#9;Threshold&#9;Actual&#9;Details&#9;Resolution"/>
        <PA_LAUNCH_COUNTER value="27 0 23 0"/>
        <VITIS_API_CALLSTABLE_COL value="6&#9;450&#9;API Name&#9;0&#9;2147483647&#9;1&#9;75&#9;75&#9;Calls&#9;1&#9;2147483647&#9;1&#9;75&#9;75&#9;&lt;html&gt;Total&lt;br&gt;Time (ms)&#9;2&#9;2147483647&#9;1&#9;75&#9;75&#9;&lt;html&gt;Min&lt;br&gt;Time (ms)&#9;3&#9;2147483647&#9;1&#9;75&#9;75&#9;&lt;html&gt;Avg&lt;br&gt;Time (ms)&#9;4&#9;2147483647&#9;1&#9;75&#9;75&#9;&lt;html&gt;Max&lt;br&gt;Time (ms)&#9;5&#9;2147483647&#9;1&#9;75&#9;75&#9;&#9;&#9;1&#9;7&#9;1&#9;API Name&#9;Calls&#9;&lt;html&gt;Total&lt;br&gt;Time (ms)&#9;&lt;html&gt;Min&lt;br&gt;Time (ms)&#9;&lt;html&gt;Avg&lt;br&gt;Time (ms)&#9;&lt;html&gt;Max&lt;br&gt;Time (ms)"/>
        <VITIS_HOST_TRANSFERTABLE_COL value="8&#9;600&#9;&lt;html&gt;Context:Number&lt;br&gt;of Devices&#9;0&#9;2147483647&#9;1&#9;75&#9;75&#9;&lt;html&gt;Transfer&lt;br&gt;Type&#9;1&#9;2147483647&#9;1&#9;75&#9;75&#9;&lt;html&gt;Number of&lt;br&gt;Buffer Transfers&#9;2&#9;2147483647&#9;1&#9;75&#9;75&#9;&lt;html&gt;Transfer&lt;br&gt;Rate (MB/s)&#9;3&#9;2147483647&#9;1&#9;75&#9;75&#9;&lt;html&gt;Avg Bandwidth&lt;br&gt;Utilization (%)&#9;4&#9;2147483647&#9;1&#9;75&#9;75&#9;&lt;html&gt;Avg&lt;br&gt;Size (KB)&#9;5&#9;2147483647&#9;1&#9;75&#9;75&#9;&lt;html&gt;Total&lt;br&gt;Time (ms)&#9;6&#9;2147483647&#9;1&#9;75&#9;75&#9;&lt;html&gt;Avg&lt;br&gt;Time (ms)&#9;7&#9;2147483647&#9;1&#9;75&#9;75&#9;&#9;&#9;1&#9;9&#9;1&#9;&lt;html&gt;Context:Number&lt;br&gt;of Devices&#9;&lt;html&gt;Transfer&lt;br&gt;Type&#9;&lt;html&gt;Number of&lt;br&gt;Buffer Transfers&#9;&lt;html&gt;Transfer&lt;br&gt;Rate (MB/s)&#9;&lt;html&gt;Avg Bandwidth&lt;br&gt;Utilization (%)&#9;&lt;html&gt;Avg&lt;br&gt;Size (KB)&#9;&lt;html&gt;Total&lt;br&gt;Time (ms)&#9;&lt;html&gt;Avg&lt;br&gt;Time (ms)"/>
        <VITIS_KERNEL_EXECTABLE_COL value="6&#9;450&#9;Kernel&#9;0&#9;2147483647&#9;1&#9;75&#9;75&#9;Enqueues&#9;1&#9;2147483647&#9;1&#9;75&#9;75&#9;&lt;html&gt;Total&lt;br&gt;Time (ms)&#9;2&#9;2147483647&#9;1&#9;75&#9;75&#9;&lt;html&gt;Min&lt;br&gt;Time (ms)&#9;3&#9;2147483647&#9;1&#9;75&#9;75&#9;&lt;html&gt;Avg&lt;br&gt;Time (ms)&#9;4&#9;2147483647&#9;1&#9;75&#9;75&#9;&lt;html&gt;Max&lt;br&gt;Time (ms)&#9;5&#9;2147483647&#9;1&#9;75&#9;75&#9;&#9;&#9;1&#9;7&#9;1&#9;Kernel&#9;Enqueues&#9;&lt;html&gt;Total&lt;br&gt;Time (ms)&#9;&lt;html&gt;Min&lt;br&gt;Time (ms)&#9;&lt;html&gt;Avg&lt;br&gt;Time (ms)&#9;&lt;html&gt;Max&lt;br&gt;Time (ms)"/>
        <VITIS_TOP_HOST_TRANSFERTABLE_COL value="7&#9;525&#9;Buffer Address&#9;0&#9;2147483647&#9;1&#9;75&#9;75&#9;&lt;html&gt;Context&lt;br&gt;ID&#9;1&#9;2147483647&#9;1&#9;75&#9;75&#9;&lt;html&gt;Command&lt;br&gt;Queue ID&#9;2&#9;2147483647&#9;1&#9;75&#9;75&#9;&lt;html&gt;Start&lt;br&gt;Time (ms)&#9;3&#9;2147483647&#9;1&#9;75&#9;75&#9;&lt;html&gt;Duration&lt;br&gt;(ms)&#9;4&#9;2147483647&#9;1&#9;75&#9;75&#9;&lt;html&gt;Buffer&lt;br&gt;Size (KB)&#9;5&#9;2147483647&#9;1&#9;75&#9;75&#9;&lt;html&gt;Writing&lt;br&gt;Rate (MB/s)&#9;6&#9;2147483647&#9;1&#9;75&#9;75&#9;&#9;&#9;1&#9;8&#9;1&#9;Buffer Address&#9;&lt;html&gt;Context&lt;br&gt;ID&#9;&lt;html&gt;Command&lt;br&gt;Queue ID&#9;&lt;html&gt;Start&lt;br&gt;Time (ms)&#9;&lt;html&gt;Duration&lt;br&gt;(ms)&#9;&lt;html&gt;Buffer&lt;br&gt;Size (KB)&#9;&lt;html&gt;Writing&lt;br&gt;Rate (MB/s)"/>
        <VITIS_TOP_KERNEL_EXECTABLE_COL value="7&#9;525&#9;Kernel&#9;0&#9;2147483647&#9;1&#9;75&#9;75&#9;&lt;html&gt;Kernel Instance&lt;br&gt;Address&#9;1&#9;2147483647&#9;1&#9;75&#9;75&#9;&lt;html&gt;Context&lt;br&gt;ID&#9;2&#9;2147483647&#9;1&#9;75&#9;75&#9;&lt;html&gt;Command&lt;br&gt;Queue ID&#9;3&#9;2147483647&#9;1&#9;75&#9;75&#9;Device&#9;4&#9;2147483647&#9;1&#9;75&#9;75&#9;&lt;html&gt;Start&lt;br&gt;Time (ms)&#9;5&#9;2147483647&#9;1&#9;75&#9;75&#9;&lt;html&gt;Duration&lt;br&gt;(ms)&#9;6&#9;2147483647&#9;1&#9;75&#9;75&#9;&#9;&#9;1&#9;8&#9;1&#9;Kernel&#9;&lt;html&gt;Kernel Instance&lt;br&gt;Address&#9;&lt;html&gt;Context&lt;br&gt;ID&#9;&lt;html&gt;Command&lt;br&gt;Queue ID&#9;Device&#9;&lt;html&gt;Start&lt;br&gt;Time (ms)&#9;&lt;html&gt;Duration&lt;br&gt;(ms)"/>
        <WAVEFORM_NAME_VALUE_SPLITPANE_DIVIDER_LOCATION value="398"/>
        <WAVEFORM_SPLITPANE_DIVIDER_LOCATION value="598"/>
        <WRAP_CRITICAL_WARNINGS value="true"/>
    </general>
    <EMOTIONAL_VIEWS/>
</preferences>
